file,text,notes,placeholder
snd_u.m4a,Up.,"Short vowel /ʌ/ as in up, umbrella, sun. Generate the word ""Up."" and keep only the vowel: cut just before the silence of the p (about 0.25 s). Never the letter name ""you"".",uh
snd_s.m4a,Sssssssss.,"Stretchy sound. A clean hiss held for about 1 second, soft fade in and out. Never the letter name ""ess"". No vowel before or after.",sss
snd_a.m4a,"a, as in ant","Short vowel /æ/ as in ant, apple, cat. Generate the phrase, then trim to the vowel only (about 0.4 s). Never the letter name ""ay"" and no ""uh"" after it.","a, as in ant"
snd_t.m4a,tap,"Stop sound. Generate the word ""tap"" and trim to the first ~100 ms so only the crisp, unvoiced t burst is left. No ""tuh"", never ""tee"". If it can't be made clean, record it by hand.","t, as in tap"
snd_p.m4a,pan,"Stop sound. Generate the word ""pan"" and trim to the first ~100 ms: a soft puff of air, unvoiced. No ""puh"", never ""pee"". Record by hand if trimming fails.","p, as in pan"
snd_i.m4a,It.,"Short vowel /ɪ/ as in ink, insect, pin. Generate the word ""It."" and keep only the vowel: cut just before the silence of the t (about 0.25 s). Never the letter name ""eye"" (a phrase starting with a lone ""i"" is read as ""eye"").","i, as in ink"
snd_n.m4a,Nnnnnnnnnn.,"Stretchy sound. A hummed n held for about 1 second, mouth closed-ish, with soft fades and nothing after it. Never the letter name ""en"" and no ""nuh"".",nnn
vo_welcome.m4a,"Hello! This is Bip, a little robot who loves sounds. Click on an island to start exploring!","Plays when the island map first opens. Narrator: warm, female South African English voice, speaking slowly and clearly for a 4-year-old.",
vo_island_sleeping.m4a,That island is still asleep. Let's play on Letters Island!,"When a child clicks an island that isn't built yet. Gentle, not disappointed.",
vo_letters_island.m4a,"Welcome to Letters Island! Click Bip, and let's play.",Plays when arriving on Letters Island.,
vo_meet_new_sound.m4a,Here's a new sound. Listen!,"Start of ""Meet the sound"". Followed by the sound clip three times.",
vo_say_it_with_me.m4a,Now you say it!,After the picture word. Leave a short pause at the end for the child to copy.,
vo_click_to_hear_again.m4a,Click the letter to hear it again. Click the green arrow when you're ready.,"End of ""Meet the sound"".",
vo_find_the_sound.m4a,Find the picture that starts with…,"""Sound hunt"" prompt. Followed straight away by a sound clip (e.g. snd_s), so end on a slight upward, expectant pause.",
vo_pop_the_letter.m4a,Pop the bubble that says…,"""Pop the letter"" prompt. Followed straight away by a sound clip, so end on an expectant pause.",
vo_level_up.m4a,Wow! You really know that sound now!,After three right answers in a row move a sound up a level. Excited.,
vo_lets_practise_again.m4a,Let's practise that sound again together.,"After two misses in a row drop a sound back. Kind and encouraging, never disappointed.",
vo_round_done.m4a,Great playing! Let's go back to the island.,End of a round with no level change.,
praise_01.m4a,Well done!,Random praise after a right answer. Vary the delivery across the set.,
praise_02.m4a,Brilliant!,,
praise_03.m4a,You got it!,,
praise_04.m4a,Super listening!,,
praise_05.m4a,Excellent!,,
praise_06.m4a,Fantastic!,,
praise_07.m4a,Yes! That's the one!,,
praise_08.m4a,Bip is so proud of you!,,
praise_09.m4a,Amazing work!,,
praise_10.m4a,Great job!,,
hint_01.m4a,Listen carefully. It sounds like this:,Spoken hint after two misses on one question. Followed by the sound clip; the right answer also wiggles on screen.,
hint_02.m4a,Here's a clue. Look for the one that's wiggling!,Followed by the sound clip.,
hint_03.m4a,"Let's listen again, together:",Followed by the sound clip.,
hint_04.m4a,Nearly! Have another listen:,Followed by the sound clip.,
vo_trace_letter.m4a,Follow the letter with your mouse. Sparkles will follow you!,Start of Letter Trace.,Follow the letter!
vo_feed_monster.m4a,Feed the monster only the foods that start with…,"Monster prompt. Followed straight away by a sound clip, so end on an expectant pause.",Feed the monster!
vo_count_tap.m4a,"Tap each one as we count, then tap the number.",Count & Tap prompt.,Tap and count!
vo_quick_look.m4a,Look quickly… how many do you see?,"Quick Look prompt, said just as the dots appear.",How many?
vo_sound_buttons.m4a,"Push each button, then find the word they make.",Sound Buttons prompt.,Push the buttons!
vo_build_word.m4a,Drag the letters to build the word in the picture.,Word Builder prompt.,Build the word!
vo_morning_order.m4a,Put the pictures in order. What comes first?,Morning Order prompt.,What comes first?
vo_bips_path.m4a,"Snap the arrows together, then press Go to walk Bip home.",Bip's Path prompt.,Press Go!
vo_numbers_island.m4a,"Welcome to Numbers Island! Click Bip, and let's count.",Plays when arriving on Numbers Island.,Numbers Island!
vo_words_island.m4a,"Welcome to Words Island! Click Bip, and let's read.",Plays when arriving on Words Island.,Words Island!
vo_coding_island.m4a,"Welcome to Coding Island! Click Bip, and let's program.",Plays when arriving on Coding Island.,Coding Island!
vo_who_is_playing.m4a,Who's playing today? Click your picture!,"Plays on the profile picker when more than one child uses the Mac. Warm and inviting, a little pause before 'Click your picture'.",Who's playing?
vo_bip_charging.m4a,"Bip's battery is low, so he's having a rest. When the battery is full, we can play again!",Plays on the charging screen when a play-time break starts and when the child clicks Bip during the break. Calm and kind; never sounds like a punishment.,Bip is charging.
vo_day_done.m4a,That's all our playing for today. See you tomorrow!,Plays when the daily play limit is reached. Warm and sleepy.,See you tomorrow!
vo_art_island.m4a,"Welcome to Art Island! Let's play with shapes, paint and mirrors.",Art Island.,"Welcome to Art Island! Let's play with shapes, paint and mirrors."
vo_find_the_shape.m4a,Can you find the,"Followed straight away by a shape name (""circle""). Rising, unfinished intonation.",Can you find the
vo_which_shape_fits.m4a,Which shape fits in the gap?,Art Island.,Which shape fits in the gap?
vo_shape_sides.m4a,Which shape has,"Followed by a number and then ""straight sides?"". Unfinished intonation.",Which shape has
vo_straight_sides.m4a,straight sides?,"Ends the question ""Which shape has 3 straight sides?""",straight sides?
vo_shape_curved.m4a,Which shape has a curved side?,Art Island.,Which shape has a curved side?
vo_shape_turn.m4a,Watch the shapes turn. Which one still looks the same?,Art Island.,Watch the shapes turn. Which one still looks the same?
vo_shape_count_turns.m4a,Watch the shape turn all the way round. How many times does it look the same?,Art Island.,Watch the shape turn all the way round. How many times does it look the same?
vo_shape_regular.m4a,Which shape has all its sides the same length?,Art Island.,Which shape has all its sides the same length?
vo_paint_make.m4a,Mix two paint pots to make,"Followed straight away by a colour name (""orange""). Unfinished intonation.",Mix two paint pots to make
vo_paint_predict.m4a,What colour will these two make?,Art Island.,What colour will these two make?
vo_make.m4a,make,"Middle of ""red and yellow make orange"". Just the one word, even tone.",make
vo_mirror_same.m4a,Which picture is the same on both sides?,Art Island.,Which picture is the same on both sides?
vo_mirror_finish.m4a,Which piece finishes the picture?,Art Island.,Which piece finishes the picture?
vo_mirror_pegs.m4a,Put pegs on the other side of the mirror to finish the pattern.,Art Island.,Put pegs on the other side of the mirror to finish the pattern.
vo_mirror_line.m4a,Where is the mirror line? Find the line that folds the picture into two matching halves.,Art Island.,Where is the mirror line? Find the line that folds the picture into two matching halves.
vo_build_tower.m4a,Build a tower of,"Followed straight away by a number (""four""). Rising, unfinished intonation.",Build a tower of
vo_find_tower.m4a,Can you find the tower of,"Followed straight away by a number (""seven""). Rising, unfinished intonation.",Can you find the tower of
vo_tallest_tower.m4a,Which tower is the tallest?,Block Towers: three towers side by side.,Which tower is the tallest?
vo_shortest_tower.m4a,Which tower is the shortest?,Block Towers: three towers side by side.,Which tower is the shortest?
vo_how_many_altogether.m4a,How many altogether?,"After ""three and two"" as two towers join. Curious, inviting.",How many altogether?
vo_take_away.m4a,take away,"Middle of ""six take away two"". Just the two words, even tone.",take away
vo_how_many_left.m4a,How many are left?,After the child has taken cubes off a tower.,How many are left?
vo_make_ten.m4a,Add cubes to make ten!,Block Towers: a tower with a dotted outline up to ten.,Add cubes to make ten!
vo_double.m4a,Double,"Followed straight away by a number (""double four""). Even tone.",Double
vo_how_many.m4a,How many is that?,"After ""double four"". Curious, inviting.",How many is that?
vo_odd_or_even.m4a,Is it odd or even?,Block Towers: the tower has split into pairs of cubes.,Is it odd or even?
vo_odd.m4a,odd,"The word ""odd"" on its own, as in odd and even. Clear, even tone.",odd
vo_build_number.m4a,Build the number,"Followed straight away by a two-digit number (""thirty-four""). Rising, unfinished intonation.",Build the number
vo_what_comes_next.m4a,Which tower comes next?,Block Towers: three towers growing by the same step.,Which tower comes next?
